username,password
admin,123456
superadmin,123456
test001,123456
test002,123456
test003,123456
test004,123456
test005,123456
test006,123456
test007,123456
test008,123456
test009,123456
test010,123456
test011,123456
test012,123456
test013,123456
test014,123456
test015,123456
test016,123456
test017,123456
test018,123456
test019,123456
test020,123456
test021,123456
test022,123456
test023,123456
test024,123456
test025,123456
test026,123456
test027,123456
test028,123456
test029,123456
test030,123456
test031,123456
test032,123456
test033,123456
test034,123456
test035,123456
test036,123456
test037,123456
test038,123456
test039,123456
test040,123456
test041,123456
test042,123456
test043,123456
test044,123456
test045,123456
test046,123456
test047,123456
test048,123456
test049,123456
test050,123456
test051,123456
test052,123456
test053,123456
test054,123456
test055,123456
test056,123456
test057,123456
test058,123456
test059,123456
test060,123456
test061,123456
test062,123456
test063,123456
test064,123456
test065,123456
test066,123456
test067,123456
test068,123456
test069,123456
test070,123456
test071,123456
test072,123456
test073,123456
test074,123456
test075,123456
test076,123456
test077,123456
test078,123456
test079,123456
test080,123456
test081,123456
test082,123456
test083,123456
test084,123456
test085,123456
test086,123456
test087,123456
test088,123456
test089,123456
test090,123456
test091,123456
test092,123456
test093,123456
test094,123456
test095,123456
test096,123456
test097,123456
test098,123456
test099,123456
test100,123456
